epoch,time,train/box_loss,train/pose_loss,train/kobj_loss,train/cls_loss,train/dfl_loss,metrics/precision(B),metrics/recall(B),metrics/mAP50(B),metrics/mAP50-95(B),metrics/precision(P),metrics/recall(P),metrics/mAP50(P),metrics/mAP50-95(P),val/box_loss,val/pose_loss,val/kobj_loss,val/cls_loss,val/dfl_loss,lr/pg0,lr/pg1,lr/pg2,lr/pg3,lr/pg4,lr/pg5,lr/pg6,lr/pg7
1,56.1185,1.0406,2.31364,0.27189,3.40196,1.54031,0.27979,0.57515,0.30517,0.23402,0.27931,0.57209,0.30161,0.23324,0.94269,0.89001,0.21561,1.95923,1.18559,0.000766204,0.000255401,0.000766204,0.000255401,0.000766204,0.000255401,0.000766204,0.000255401
2,100.662,0.91334,1.75486,0.22036,2.36572,1.40488,0.49658,0.69509,0.63843,0.50597,0.49409,0.69157,0.63465,0.5072,0.836,0.78065,0.1839,1.28468,1.08915,0.00152507,0.000508357,0.00152507,0.000508357,0.00152507,0.000508357,0.00152507,0.000508357
3,145.627,0.83836,1.55964,0.20217,1.77357,1.30857,0.68057,0.82282,0.83473,0.67065,0.67929,0.82091,0.83012,0.68765,0.8139,0.76308,0.16622,0.80361,1.03502,0.00227379,0.000757929,0.00227379,0.000757929,0.00227379,0.000757929,0.00227379,0.000757929
4,190.852,0.77303,1.41186,0.19465,1.45314,1.23603,0.83615,0.86683,0.90481,0.7303,0.83218,0.86278,0.89894,0.74505,0.79712,0.75795,0.15844,0.64681,1.02101,0.00226132,0.000753774,0.00226132,0.000753774,0.00226132,0.000753774,0.00226132,0.000753774
5,235.758,0.72091,1.38348,0.1927,1.31193,1.20054,0.86336,0.85829,0.91856,0.78979,0.8627,0.8576,0.91839,0.75363,0.61444,0.73665,0.1584,0.56595,0.89265,0.0022461,0.000748698,0.0022461,0.000748698,0.0022461,0.000748698,0.0022461,0.000748698
6,281.036,0.68689,1.32483,0.18741,1.16538,1.17596,0.86042,0.89261,0.93633,0.83398,0.85765,0.88979,0.93311,0.77407,0.48207,0.73994,0.14838,0.46629,0.81869,0.00223087,0.000743623,0.00223087,0.000743623,0.00223087,0.000743623,0.00223087,0.000743623
7,326.391,0.66572,1.33221,0.18492,1.10608,1.16295,0.84551,0.92532,0.93597,0.84733,0.84221,0.92202,0.9315,0.77471,0.44809,0.74389,0.14457,0.43057,0.78651,0.00221564,0.000738548,0.00221564,0.000738548,0.00221564,0.000738548,0.00221564,0.000738548
8,370.749,0.64704,1.28066,0.18383,1.03433,1.15366,0.89345,0.9403,0.95817,0.87175,0.89197,0.93892,0.95584,0.78906,0.44296,0.75653,0.14759,0.40553,0.77928,0.00220042,0.000733472,0.00220042,0.000733472,0.00220042,0.000733472,0.00220042,0.000733472
9,415.069,0.63124,1.27306,0.1853,0.98298,1.14315,0.94244,0.90998,0.9661,0.89563,0.93909,0.90716,0.96166,0.81416,0.39223,0.70367,0.14183,0.37443,0.76191,0.00218519,0.000728397,0.00218519,0.000728397,0.00218519,0.000728397,0.00218519,0.000728397
10,461.138,0.63094,1.2656,0.18108,0.96322,1.13939,0.96084,0.91734,0.96703,0.89399,0.95695,0.91417,0.96191,0.81456,0.41332,0.71831,0.14505,0.35186,0.76606,0.00216996,0.000723321,0.00216996,0.000723321,0.00216996,0.000723321,0.00216996,0.000723321
11,509.822,0.61571,1.19829,0.1788,0.89939,1.13027,0.95709,0.92799,0.97037,0.90489,0.95183,0.92304,0.96209,0.81414,0.39808,0.72084,0.13722,0.34365,0.75088,0.00215474,0.000718246,0.00215474,0.000718246,0.00215474,0.000718246,0.00215474,0.000718246
12,559.259,0.60538,1.19762,0.17907,0.89198,1.12789,0.95713,0.93916,0.96598,0.90492,0.95384,0.93639,0.96167,0.81921,0.39815,0.69453,0.13619,0.33392,0.74638,0.00213951,0.000713171,0.00213951,0.000713171,0.00213951,0.000713171,0.00213951,0.000713171
13,610.123,0.59705,1.17988,0.17685,0.84832,1.11727,0.94836,0.92297,0.96869,0.914,0.94231,0.91734,0.95953,0.81812,0.37035,0.67659,0.13691,0.32914,0.73179,0.00212429,0.000708095,0.00212429,0.000708095,0.00212429,0.000708095,0.00212429,0.000708095
14,661.059,0.58516,1.18448,0.17495,0.81222,1.11131,0.95196,0.94155,0.97064,0.89634,0.93522,0.95096,0.96484,0.82371,0.42169,0.6576,0.13739,0.33639,0.76099,0.00210906,0.00070302,0.00210906,0.00070302,0.00210906,0.00070302,0.00210906,0.00070302
15,711.61,0.58044,1.13174,0.17125,0.78771,1.10643,0.93794,0.93716,0.97503,0.92168,0.93355,0.93295,0.96771,0.83321,0.34402,0.66564,0.13525,0.30294,0.72002,0.00209383,0.000697944,0.00209383,0.000697944,0.00209383,0.000697944,0.00209383,0.000697944
16,761.957,0.58007,1.1016,0.16633,0.78022,1.10392,0.95317,0.93021,0.97668,0.91667,0.94951,0.9267,0.97165,0.83864,0.36946,0.65023,0.12979,0.31212,0.73009,0.00207861,0.000692869,0.00207861,0.000692869,0.00207861,0.000692869,0.00207861,0.000692869
17,812.616,0.57379,1.11219,0.1693,0.76663,1.10658,0.97175,0.91886,0.97999,0.93006,0.9686,0.91604,0.97564,0.84751,0.33305,0.63794,0.1299,0.30013,0.71401,0.00206338,0.000687794,0.00206338,0.000687794,0.00206338,0.000687794,0.00206338,0.000687794
18,863.328,0.55803,1.11355,0.16826,0.73335,1.09467,0.96886,0.95452,0.98366,0.921,0.96586,0.95183,0.97857,0.84258,0.36646,0.66439,0.12809,0.30598,0.73402,0.00204815,0.000682718,0.00204815,0.000682718,0.00204815,0.000682718,0.00204815,0.000682718
19,913.865,0.55657,1.11776,0.16743,0.7337,1.09537,0.95178,0.95853,0.98277,0.93368,0.95035,0.95715,0.97973,0.85209,0.34187,0.6264,0.12735,0.29066,0.71625,0.00203293,0.000677643,0.00203293,0.000677643,0.00203293,0.000677643,0.00203293,0.000677643
20,963.995,0.55482,1.05604,0.16621,0.69813,1.092,0.96148,0.96082,0.98383,0.93525,0.95629,0.9557,0.97774,0.84149,0.33383,0.66846,0.13247,0.28479,0.71794,0.0020177,0.000672567,0.0020177,0.000672567,0.0020177,0.000672567,0.0020177,0.000672567
21,1014.2,0.54957,1.03028,0.16544,0.69539,1.08474,0.94251,0.95476,0.98189,0.92678,0.93907,0.95133,0.97755,0.84548,0.35967,0.62013,0.12376,0.29612,0.71792,0.00200248,0.000667492,0.00200248,0.000667492,0.00200248,0.000667492,0.00200248,0.000667492
22,1064.7,0.54925,1.02789,0.16472,0.68579,1.08687,0.95178,0.97027,0.98245,0.93941,0.96477,0.94915,0.97907,0.84688,0.32269,0.61222,0.11924,0.28127,0.71093,0.00198725,0.000662417,0.00198725,0.000662417,0.00198725,0.000662417,0.00198725,0.000662417
23,1114.97,0.54383,1.07275,0.1643,0.67123,1.08675,0.97373,0.95557,0.98131,0.94068,0.97086,0.95291,0.97803,0.84762,0.31927,0.62094,0.12582,0.27774,0.71844,0.00197202,0.000657341,0.00197202,0.000657341,0.00197202,0.000657341,0.00197202,0.000657341
24,1165.07,0.53448,1.05258,0.16301,0.65178,1.07689,0.95974,0.96171,0.98192,0.94161,0.96374,0.95011,0.97609,0.85748,0.30547,0.6016,0.11771,0.27002,0.70171,0.0019568,0.000652266,0.0019568,0.000652266,0.0019568,0.000652266,0.0019568,0.000652266
25,1215.24,0.53498,1.07791,0.16418,0.63827,1.08132,0.9767,0.95593,0.98327,0.94199,0.97384,0.95121,0.97557,0.84986,0.3141,0.61258,0.11855,0.26231,0.71572,0.00194157,0.00064719,0.00194157,0.00064719,0.00194157,0.00064719,0.00194157,0.00064719
26,1265.12,0.53133,1.06996,0.16151,0.64649,1.08008,0.96602,0.9627,0.98626,0.93763,0.96322,0.95994,0.98313,0.85625,0.33574,0.61761,0.11942,0.27606,0.71476,0.00192635,0.000642115,0.00192635,0.000642115,0.00192635,0.000642115,0.00192635,0.000642115
27,1315.47,0.52702,1.00507,0.16036,0.62525,1.07651,0.97184,0.96514,0.97996,0.94444,0.97116,0.96355,0.97631,0.84942,0.3082,0.60354,0.1181,0.26359,0.6994,0.00191112,0.00063704,0.00191112,0.00063704,0.00191112,0.00063704,0.00191112,0.00063704
28,1365.73,0.521,1.00494,0.15719,0.62343,1.07144,0.96428,0.96849,0.9838,0.94455,0.96133,0.96575,0.979,0.86231,0.32064,0.59522,0.12394,0.2632,0.70513,0.00189589,0.000631964,0.00189589,0.000631964,0.00189589,0.000631964,0.00189589,0.000631964
29,1415.79,0.525,1.0255,0.15668,0.61837,1.0717,0.97424,0.96229,0.98592,0.94957,0.97136,0.95946,0.98243,0.86473,0.30134,0.59611,0.11839,0.26041,0.70208,0.00188067,0.000626889,0.00188067,0.000626889,0.00188067,0.000626889,0.00188067,0.000626889
30,1465.35,0.52477,0.98767,0.15792,0.60704,1.07128,0.96165,0.96826,0.98542,0.95165,0.95823,0.96501,0.98119,0.868,0.31858,0.57739,0.11229,0.26498,0.70327,0.00186544,0.000621813,0.00186544,0.000621813,0.00186544,0.000621813,0.00186544,0.000621813
31,1515.18,0.51477,0.95743,0.15469,0.59889,1.06401,0.96924,0.97036,0.98544,0.95485,0.96708,0.96834,0.98105,0.8688,0.2966,0.58106,0.11615,0.24897,0.6965,0.00185021,0.000616738,0.00185021,0.000616738,0.00185021,0.000616738,0.00185021,0.000616738
32,1565.61,0.49542,0.99711,0.15659,0.57627,1.05126,0.96267,0.97684,0.98202,0.95122,0.96134,0.97546,0.97981,0.86874,0.2962,0.58108,0.11848,0.25328,0.69153,0.00183499,0.000611663,0.00183499,0.000611663,0.00183499,0.000611663,0.00183499,0.000611663
33,1615.23,0.50631,0.97793,0.15447,0.58665,1.06343,0.9705,0.97674,0.98822,0.95123,0.96767,0.97392,0.98414,0.87033,0.3112,0.59659,0.11296,0.24538,0.69563,0.00181976,0.000606587,0.00181976,0.000606587,0.00181976,0.000606587,0.00181976,0.000606587
34,1665.02,0.50061,0.93184,0.15279,0.55946,1.05273,0.97385,0.96733,0.98799,0.95724,0.97064,0.96277,0.98202,0.86491,0.29156,0.61881,0.10881,0.24792,0.68701,0.00180454,0.000601512,0.00180454,0.000601512,0.00180454,0.000601512,0.00180454,0.000601512
35,1714.84,0.50689,0.9256,0.15175,0.56806,1.05901,0.97001,0.96866,0.98796,0.958,0.96638,0.96515,0.98386,0.87087,0.29449,0.60887,0.10861,0.23849,0.6911,0.00178931,0.000596436,0.00178931,0.000596436,0.00178931,0.000596436,0.00178931,0.000596436
36,1764.2,0.49406,0.93949,0.15191,0.55456,1.05489,0.9702,0.97049,0.98862,0.95853,0.96951,0.9698,0.98705,0.86859,0.29428,0.59888,0.10591,0.24333,0.69131,0.00177408,0.000591361,0.00177408,0.000591361,0.00177408,0.000591361,0.00177408,0.000591361
37,1807.46,0.49694,0.93429,0.14934,0.56099,1.05323,0.97223,0.97741,0.98844,0.95723,0.96859,0.97389,0.98336,0.86625,0.2874,0.60392,0.10752,0.24376,0.69427,0.00175886,0.000586286,0.00175886,0.000586286,0.00175886,0.000586286,0.00175886,0.000586286
38,1850.86,0.49183,0.92244,0.15092,0.54961,1.0515,0.96939,0.97285,0.98589,0.95604,0.9679,0.97065,0.98265,0.87713,0.29551,0.59,0.10499,0.2414,0.69354,0.00174363,0.00058121,0.00174363,0.00058121,0.00174363,0.00058121,0.00174363,0.00058121
39,1894.27,0.48855,0.93606,0.14854,0.55171,1.05439,0.97498,0.96247,0.98972,0.9554,0.97201,0.95972,0.98392,0.88677,0.30824,0.58023,0.1059,0.23732,0.69218,0.0017284,0.000576135,0.0017284,0.000576135,0.0017284,0.000576135,0.0017284,0.000576135
40,1938.16,0.49283,0.94557,0.14804,0.54651,1.0519,0.97459,0.96689,0.98576,0.95788,0.97658,0.96556,0.98408,0.87173,0.29374,0.56363,0.10547,0.23497,0.68632,0.00171318,0.000571059,0.00171318,0.000571059,0.00171318,0.000571059,0.00171318,0.000571059
41,1982.74,0.49133,0.92764,0.1486,0.5408,1.05653,0.96864,0.97085,0.98506,0.95715,0.96622,0.9669,0.97943,0.87281,0.28888,0.56551,0.10482,0.22999,0.69302,0.00169795,0.000565984,0.00169795,0.000565984,0.00169795,0.000565984,0.00169795,0.000565984
42,2027.18,0.47895,0.90635,0.15013,0.53703,1.04354,0.96893,0.9812,0.98935,0.96183,0.97458,0.9713,0.98448,0.87849,0.28196,0.55575,0.10766,0.22262,0.68523,0.00168273,0.000560909,0.00168273,0.000560909,0.00168273,0.000560909,0.00168273,0.000560909
43,2071.87,0.47663,0.91346,0.14831,0.52171,1.04904,0.96093,0.98361,0.98713,0.96439,0.95673,0.97944,0.98164,0.87408,0.26832,0.58159,0.10342,0.22626,0.67772,0.0016675,0.000555833,0.0016675,0.000555833,0.0016675,0.000555833,0.0016675,0.000555833
44,2121.47,0.48115,0.89881,0.14502,0.51021,1.03972,0.98084,0.98098,0.98639,0.96068,0.97724,0.9755,0.98059,0.88024,0.2902,0.57008,0.10426,0.22914,0.68994,0.00165227,0.000550758,0.00165227,0.000550758,0.00165227,0.000550758,0.00165227,0.000550758
45,2177.76,0.48462,0.88782,0.14373,0.52792,1.04967,0.97851,0.97664,0.98845,0.95968,0.97209,0.97033,0.9787,0.871,0.27683,0.60102,0.10306,0.22814,0.68746,0.00163705,0.000545682,0.00163705,0.000545682,0.00163705,0.000545682,0.00163705,0.000545682
46,2234.02,0.47025,0.89396,0.14498,0.50858,1.041,0.9648,0.97573,0.9868,0.95499,0.96006,0.97169,0.98051,0.879,0.29878,0.57466,0.10263,0.24354,0.69208,0.00162182,0.000540607,0.00162182,0.000540607,0.00162182,0.000540607,0.00162182,0.000540607
47,2289.96,0.46721,0.86627,0.14173,0.5041,1.035,0.97438,0.9746,0.98663,0.96053,0.97072,0.97112,0.98228,0.88045,0.27529,0.56756,0.10137,0.23156,0.67773,0.00160659,0.000535532,0.00160659,0.000535532,0.00160659,0.000535532,0.00160659,0.000535532
48,2345.79,0.46503,0.85447,0.14352,0.50598,1.0388,0.97803,0.96931,0.98796,0.96153,0.97563,0.96612,0.9832,0.88111,0.27185,0.5554,0.10696,0.22984,0.67917,0.00159137,0.000530456,0.00159137,0.000530456,0.00159137,0.000530456,0.00159137,0.000530456
49,2401.52,0.47296,0.85652,0.14188,0.5046,1.04126,0.97686,0.97018,0.98673,0.96218,0.97397,0.96743,0.98203,0.88161,0.27314,0.56097,0.10167,0.23135,0.68446,0.00157614,0.000525381,0.00157614,0.000525381,0.00157614,0.000525381,0.00157614,0.000525381
50,2457.42,0.46914,0.87915,0.1429,0.50033,1.04233,0.97111,0.98372,0.98639,0.95845,0.96759,0.98027,0.98056,0.88127,0.29855,0.54156,0.1012,0.23163,0.68376,0.00156092,0.000520305,0.00156092,0.000520305,0.00156092,0.000520305,0.00156092,0.000520305
51,2513.16,0.46328,0.8483,0.14182,0.49604,1.04135,0.97305,0.97478,0.98879,0.9622,0.96938,0.97131,0.98433,0.88406,0.27517,0.55193,0.10121,0.22008,0.67365,0.00154569,0.00051523,0.00154569,0.00051523,0.00154569,0.00051523,0.00154569,0.00051523
52,2569.24,0.44977,0.82002,0.13912,0.47924,1.02621,0.97551,0.96919,0.98808,0.96162,0.9736,0.96493,0.98481,0.88147,0.27118,0.55734,0.10079,0.22461,0.67894,0.00153046,0.000510155,0.00153046,0.000510155,0.00153046,0.000510155,0.00153046,0.000510155
53,2624.85,0.46483,0.81957,0.13799,0.48282,1.03777,0.97479,0.97152,0.98823,0.95732,0.97407,0.97083,0.98669,0.88825,0.29359,0.55003,0.09785,0.23204,0.69225,0.00151524,0.000505079,0.00151524,0.000505079,0.00151524,0.000505079,0.00151524,0.000505079
54,2680.24,0.4631,0.8381,0.13839,0.49987,1.04066,0.97193,0.96749,0.98688,0.96302,0.96978,0.96542,0.9834,0.88354,0.28397,0.57357,0.1014,0.23332,0.68066,0.00150001,0.000500004,0.00150001,0.000500004,0.00150001,0.000500004,0.00150001,0.000500004
55,2735.23,0.46298,0.83319,0.13938,0.49071,1.03636,0.96871,0.97719,0.98523,0.95976,0.96561,0.97359,0.97981,0.88134,0.28312,0.56467,0.09965,0.2352,0.68118,0.00148479,0.000494928,0.00148479,0.000494928,0.00148479,0.000494928,0.00148479,0.000494928
56,2790.87,0.44636,0.83236,0.14025,0.47068,1.02863,0.97879,0.97192,0.9843,0.95708,0.97427,0.9677,0.97536,0.8711,0.28135,0.56912,0.09835,0.23632,0.6792,0.00146956,0.000489853,0.00146956,0.000489853,0.00146956,0.000489853,0.00146956,0.000489853
57,2846.53,0.45547,0.81435,0.13758,0.4732,1.02965,0.96515,0.97013,0.98164,0.95785,0.9602,0.96517,0.97415,0.88343,0.26479,0.56168,0.09771,0.23901,0.67932,0.00145433,0.000484778,0.00145433,0.000484778,0.00145433,0.000484778,0.00145433,0.000484778
58,2902.06,0.45887,0.84497,0.13914,0.48647,1.03534,0.97555,0.97632,0.98622,0.96273,0.97073,0.9711,0.97939,0.88845,0.26577,0.54547,0.09647,0.22438,0.67487,0.00143911,0.000479702,0.00143911,0.000479702,0.00143911,0.000479702,0.00143911,0.000479702
59,2958.21,0.45482,0.85299,0.14031,0.47617,1.03042,0.98063,0.96884,0.98588,0.95987,0.97618,0.96477,0.97971,0.88751,0.27483,0.55427,0.09775,0.23196,0.6787,0.00142388,0.000474627,0.00142388,0.000474627,0.00142388,0.000474627,0.00142388,0.000474627
60,3014.33,0.44669,0.78983,0.13594,0.46769,1.02788,0.98323,0.97112,0.98646,0.96078,0.98071,0.96775,0.98157,0.88928,0.2774,0.53817,0.09821,0.22271,0.67565,0.00140865,0.000469551,0.00140865,0.000469551,0.00140865,0.000469551,0.00140865,0.000469551
61,3070.65,0.44792,0.78805,0.13696,0.46496,1.02796,0.98018,0.97764,0.98788,0.96118,0.97658,0.97314,0.98404,0.89456,0.26375,0.53365,0.09763,0.21734,0.66885,0.00139343,0.000464476,0.00139343,0.000464476,0.00139343,0.000464476,0.00139343,0.000464476
62,3126.18,0.44003,0.77378,0.13546,0.46566,1.02007,0.97558,0.97999,0.98708,0.95767,0.9753,0.97535,0.98247,0.88528,0.26509,0.53944,0.09672,0.22137,0.67222,0.0013782,0.000459401,0.0013782,0.000459401,0.0013782,0.000459401,0.0013782,0.000459401
63,3181.8,0.43288,0.76103,0.1347,0.44722,1.02269,0.98137,0.96631,0.98491,0.95789,0.97701,0.96219,0.97723,0.88684,0.26849,0.52278,0.09607,0.22298,0.67031,0.00136298,0.000454325,0.00136298,0.000454325,0.00136298,0.000454325,0.00136298,0.000454325
64,3237.25,0.44775,0.81858,0.13614,0.46662,1.02813,0.98174,0.9794,0.98834,0.96044,0.97869,0.97568,0.9826,0.88575,0.26668,0.54898,0.09789,0.21014,0.68045,0.00134775,0.00044925,0.00134775,0.00044925,0.00134775,0.00044925,0.00134775,0.00044925
65,3293,0.43594,0.78302,0.1343,0.45774,1.02455,0.97292,0.98175,0.9896,0.96448,0.97168,0.97894,0.9862,0.89535,0.26093,0.53353,0.09711,0.21722,0.66958,0.00133252,0.000444174,0.00133252,0.000444174,0.00133252,0.000444174,0.00133252,0.000444174
66,3348.54,0.43355,0.79954,0.13299,0.44447,1.02082,0.97341,0.98046,0.98833,0.9684,0.97768,0.969,0.9827,0.89509,0.25295,0.5354,0.09782,0.22067,0.6666,0.0013173,0.000439099,0.0013173,0.000439099,0.0013173,0.000439099,0.0013173,0.000439099
67,3403.78,0.42733,0.77485,0.1333,0.4319,1.01549,0.97643,0.97022,0.98417,0.9598,0.97566,0.95778,0.97417,0.88717,0.2582,0.5461,0.09642,0.22262,0.6673,0.00130207,0.000434024,0.00130207,0.000434024,0.00130207,0.000434024,0.00130207,0.000434024
68,3459,0.42911,0.72602,0.13003,0.42285,1.01336,0.97686,0.98018,0.98459,0.9625,0.97267,0.97597,0.97785,0.88613,0.25076,0.53613,0.09714,0.21812,0.666,0.00128684,0.000428948,0.00128684,0.000428948,0.00128684,0.000428948,0.00128684,0.000428948
69,3511.42,0.44695,0.75104,0.13179,0.44582,1.02533,0.9748,0.98135,0.98514,0.96347,0.96854,0.97501,0.9759,0.88661,0.23746,0.54153,0.09916,0.21762,0.66255,0.00127162,0.000423873,0.00127162,0.000423873,0.00127162,0.000423873,0.00127162,0.000423873
70,3560.45,0.43307,0.76412,0.13091,0.43975,1.01838,0.97803,0.98467,0.9866,0.96734,0.97319,0.97977,0.97961,0.88737,0.24445,0.55961,0.09453,0.21354,0.66844,0.00125639,0.000418797,0.00125639,0.000418797,0.00125639,0.000418797,0.00125639,0.000418797
71,3605.91,0.42078,0.7619,0.13215,0.42663,1.00792,0.97816,0.98162,0.98733,0.96792,0.97542,0.97888,0.98365,0.89555,0.24391,0.53454,0.09498,0.20399,0.66331,0.00124117,0.000413722,0.00124117,0.000413722,0.00124117,0.000413722,0.00124117,0.000413722
72,3649.72,0.42241,0.75217,0.13232,0.42973,1.01296,0.97818,0.97172,0.98893,0.9676,0.97416,0.96695,0.98361,0.89979,0.2417,0.53525,0.09577,0.21195,0.66328,0.00122594,0.000408647,0.00122594,0.000408647,0.00122594,0.000408647,0.00122594,0.000408647
73,3693.2,0.42343,0.73076,0.12907,0.41625,1.0141,0.9675,0.97655,0.9854,0.96247,0.95718,0.97744,0.98128,0.8995,0.24222,0.53005,0.09227,0.20777,0.66829,0.00121071,0.000403571,0.00121071,0.000403571,0.00121071,0.000403571,0.00121071,0.000403571
74,3736.55,0.42649,0.75394,0.13238,0.42131,1.016,0.98295,0.97176,0.98769,0.96578,0.97978,0.96849,0.98223,0.89237,0.24494,0.52917,0.09555,0.2065,0.66799,0.00119549,0.000398496,0.00119549,0.000398496,0.00119549,0.000398496,0.00119549,0.000398496
75,3780.36,0.41451,0.70979,0.12892,0.41643,1.00815,0.97661,0.97321,0.98567,0.96445,0.9744,0.96994,0.98089,0.89596,0.23913,0.51996,0.09476,0.2078,0.66016,0.00118026,0.00039342,0.00118026,0.00039342,0.00118026,0.00039342,0.00118026,0.00039342
76,3823.46,0.42479,0.72723,0.128,0.4323,1.01657,0.9665,0.9773,0.9858,0.96559,0.96351,0.97106,0.98041,0.89605,0.24317,0.51684,0.09305,0.20915,0.6586,0.00116504,0.000388345,0.00116504,0.000388345,0.00116504,0.000388345,0.00116504,0.000388345
77,3866.01,0.41538,0.73054,0.1305,0.41539,1.01347,0.97865,0.97371,0.98748,0.96695,0.97794,0.97302,0.98602,0.89796,0.24676,0.51935,0.09072,0.21156,0.66446,0.00114981,0.00038327,0.00114981,0.00038327,0.00114981,0.00038327,0.00114981,0.00038327
78,3909.57,0.42734,0.73766,0.12964,0.42375,1.01755,0.95572,0.98193,0.98382,0.95716,0.9804,0.95578,0.98222,0.89547,0.25167,0.50818,0.08947,0.21998,0.67145,0.00113458,0.000378194,0.00113458,0.000378194,0.00113458,0.000378194,0.00113458,0.000378194
79,3953.62,0.42476,0.75034,0.1278,0.42178,1.0149,0.97746,0.96857,0.98636,0.9666,0.97963,0.96587,0.98405,0.90276,0.23797,0.49966,0.09242,0.20378,0.66061,0.00111936,0.000373119,0.00111936,0.000373119,0.00111936,0.000373119,0.00111936,0.000373119
80,3997.88,0.43037,0.71066,0.1264,0.41955,1.01665,0.98497,0.96006,0.98579,0.95974,0.98271,0.95792,0.98077,0.89059,0.25301,0.5255,0.09266,0.20726,0.6716,0.00110413,0.000368043,0.00110413,0.000368043,0.00110413,0.000368043,0.00110413,0.000368043
81,4041.82,0.41198,0.71928,0.12719,0.41374,1.01179,0.97098,0.98039,0.98934,0.96591,0.98072,0.9695,0.98636,0.90109,0.25519,0.52339,0.09449,0.20394,0.67494,0.0010889,0.000362968,0.0010889,0.000362968,0.0010889,0.000362968,0.0010889,0.000362968
82,4086.2,0.41976,0.73297,0.13008,0.42444,1.01157,0.96684,0.97964,0.9891,0.96286,0.98737,0.95451,0.98364,0.89831,0.25662,0.51485,0.09209,0.20232,0.67424,0.00107368,0.000357893,0.00107368,0.000357893,0.00107368,0.000357893,0.00107368,0.000357893
83,4130.39,0.40999,0.7009,0.12874,0.40318,1.0069,0.97469,0.98126,0.99004,0.97356,0.97049,0.9769,0.98355,0.90674,0.23826,0.51048,0.09276,0.198,0.65997,0.00105845,0.000352817,0.00105845,0.000352817,0.00105845,0.000352817,0.00105845,0.000352817
84,4174.79,0.40976,0.69849,0.12661,0.40633,1.00616,0.97417,0.98204,0.98965,0.96875,0.97793,0.96874,0.98273,0.90427,0.24705,0.51988,0.08981,0.20183,0.66445,0.00104323,0.000347742,0.00104323,0.000347742,0.00104323,0.000347742,0.00104323,0.000347742
85,4219.15,0.41316,0.69778,0.12534,0.40536,1.00782,0.97187,0.96843,0.98715,0.96766,0.96894,0.96349,0.98058,0.89952,0.24864,0.51916,0.09297,0.20617,0.66549,0.001028,0.000342666,0.001028,0.000342666,0.001028,0.000342666,0.001028,0.000342666
86,4263.8,0.41226,0.70464,0.12554,0.40019,1.00798,0.96941,0.97824,0.98487,0.96319,0.9658,0.97333,0.97862,0.89604,0.24758,0.5141,0.09271,0.21241,0.66639,0.00101277,0.000337591,0.00101277,0.000337591,0.00101277,0.000337591,0.00101277,0.000337591
87,4308.29,0.41313,0.68341,0.12488,0.4065,1.01011,0.96604,0.97472,0.98778,0.96766,0.96517,0.97128,0.98394,0.89911,0.25454,0.52492,0.08911,0.21081,0.66864,0.000997547,0.000332516,0.000997547,0.000332516,0.000997547,0.000332516,0.000997547,0.000332516
88,4352.84,0.40232,0.67493,0.12251,0.38762,0.99905,0.96435,0.98126,0.98507,0.96556,0.96159,0.97718,0.98042,0.90075,0.24215,0.51464,0.09099,0.20141,0.66427,0.000982321,0.00032744,0.000982321,0.00032744,0.000982321,0.00032744,0.000982321,0.00032744
89,4397.42,0.40479,0.68411,0.12519,0.39716,1.00661,0.98391,0.97554,0.98724,0.96765,0.98101,0.97285,0.98316,0.90331,0.25256,0.5037,0.09155,0.20513,0.6616,0.000967094,0.000322365,0.000967094,0.000322365,0.000967094,0.000322365,0.000967094,0.000322365
90,4441.98,0.40691,0.67998,0.12442,0.40428,1.0054,0.98069,0.98341,0.98801,0.97073,0.97858,0.98017,0.98401,0.90516,0.23749,0.5052,0.09179,0.19844,0.6602,0.000951868,0.000317289,0.000951868,0.000317289,0.000951868,0.000317289,0.000951868,0.000317289
91,4486.98,0.408,0.66158,0.12389,0.39129,1.01044,0.9714,0.98102,0.98732,0.97032,0.96867,0.97826,0.98357,0.90426,0.22988,0.50034,0.09079,0.20072,0.65347,0.000936642,0.000312214,0.000936642,0.000312214,0.000936642,0.000312214,0.000936642,0.000312214
92,4531.88,0.4061,0.66943,0.12234,0.39649,1.00413,0.97069,0.97659,0.98427,0.96703,0.96804,0.97251,0.98023,0.89811,0.23542,0.50726,0.08793,0.20026,0.6592,0.000921416,0.000307139,0.000921416,0.000307139,0.000921416,0.000307139,0.000921416,0.000307139
93,4576.43,0.39942,0.66402,0.12345,0.39196,1.00017,0.97063,0.97425,0.98751,0.9688,0.96493,0.96731,0.97963,0.90231,0.23963,0.52207,0.0905,0.20409,0.6591,0.00090619,0.000302063,0.00090619,0.000302063,0.00090619,0.000302063,0.00090619,0.000302063
94,4620.79,0.40629,0.66386,0.12213,0.39127,1.00299,0.9781,0.96826,0.98723,0.96836,0.97459,0.96487,0.98246,0.90444,0.24365,0.52254,0.09111,0.20571,0.65819,0.000890963,0.000296988,0.000890963,0.000296988,0.000890963,0.000296988,0.000890963,0.000296988
95,4665.33,0.39527,0.65616,0.12233,0.37785,0.99838,0.97221,0.9771,0.98632,0.96921,0.96577,0.97078,0.97629,0.90732,0.23453,0.50756,0.0909,0.20133,0.65409,0.000875737,0.000291912,0.000875737,0.000291912,0.000875737,0.000291912,0.000875737,0.000291912
96,4709.58,0.39787,0.65231,0.12043,0.38497,0.99813,0.97184,0.98422,0.9886,0.97025,0.97686,0.96876,0.97993,0.91166,0.24052,0.49744,0.08768,0.19727,0.65754,0.000860511,0.000286837,0.000860511,0.000286837,0.000860511,0.000286837,0.000860511,0.000286837
97,4753.88,0.39387,0.6522,0.12073,0.38085,0.99685,0.9855,0.97729,0.98819,0.9692,0.97978,0.97177,0.97956,0.91178,0.23847,0.50448,0.08742,0.19056,0.65669,0.000845285,0.000281762,0.000845285,0.000281762,0.000845285,0.000281762,0.000845285,0.000281762
98,4797.59,0.39891,0.68448,0.12397,0.38705,1.00449,0.98138,0.97993,0.98934,0.96997,0.97649,0.97503,0.98106,0.90768,0.24447,0.49926,0.08783,0.19151,0.65862,0.000830059,0.000276686,0.000830059,0.000276686,0.000830059,0.000276686,0.000830059,0.000276686
99,4841.5,0.39119,0.66233,0.11888,0.38201,0.99963,0.97343,0.98082,0.98796,0.96929,0.96878,0.97478,0.98038,0.91179,0.23844,0.49572,0.08762,0.19722,0.6583,0.000814832,0.000271611,0.000814832,0.000271611,0.000814832,0.000271611,0.000814832,0.000271611
100,4885.17,0.38409,0.65,0.11973,0.37262,0.99056,0.9743,0.98204,0.98865,0.96979,0.96884,0.97642,0.98304,0.91337,0.24422,0.50512,0.0889,0.19814,0.66218,0.000799606,0.000266535,0.000799606,0.000266535,0.000799606,0.000266535,0.000799606,0.000266535
101,4928.95,0.39699,0.66417,0.12078,0.38115,1.00357,0.97094,0.9841,0.98795,0.96956,0.96577,0.97789,0.98043,0.91253,0.24968,0.49552,0.08829,0.19892,0.66556,0.00078438,0.00026146,0.00078438,0.00026146,0.00078438,0.00026146,0.00078438,0.00026146
102,4972.85,0.39429,0.64134,0.12128,0.37258,1.00145,0.98176,0.97694,0.98832,0.96834,0.97746,0.97273,0.98203,0.90678,0.24653,0.49177,0.08776,0.19634,0.66286,0.000769154,0.000256385,0.000769154,0.000256385,0.000769154,0.000256385,0.000769154,0.000256385
103,5016.44,0.39018,0.62489,0.11879,0.37877,0.99398,0.97546,0.983,0.98937,0.97166,0.97093,0.9779,0.98372,0.91169,0.25316,0.48827,0.086,0.19808,0.66417,0.000753928,0.000251309,0.000753928,0.000251309,0.000753928,0.000251309,0.000753928,0.000251309
104,5060.08,0.39169,0.63521,0.11871,0.37182,0.99705,0.98073,0.96598,0.98712,0.96736,0.97712,0.96249,0.98195,0.9091,0.25345,0.48203,0.08748,0.19867,0.66209,0.000738701,0.000246234,0.000738701,0.000246234,0.000738701,0.000246234,0.000738701,0.000246234
105,5103.87,0.38583,0.61323,0.11838,0.36701,0.99524,0.97098,0.98068,0.98803,0.97081,0.97944,0.96095,0.98089,0.91322,0.23852,0.48038,0.08623,0.19593,0.65419,0.000723475,0.000241158,0.000723475,0.000241158,0.000723475,0.000241158,0.000723475,0.000241158
106,5147.5,0.38317,0.61724,0.11943,0.3663,0.9937,0.98262,0.97193,0.98889,0.97149,0.9769,0.96628,0.98191,0.91202,0.23316,0.48348,0.08641,0.1921,0.65368,0.000708249,0.000236083,0.000708249,0.000236083,0.000708249,0.000236083,0.000708249,0.000236083
107,5191.04,0.38861,0.60477,0.11669,0.37959,0.99548,0.98176,0.97557,0.98939,0.96915,0.97823,0.97207,0.98456,0.91488,0.24494,0.47724,0.08533,0.19363,0.66173,0.000693023,0.000231008,0.000693023,0.000231008,0.000693023,0.000231008,0.000693023,0.000231008
108,5234.57,0.38083,0.62669,0.11695,0.37411,0.99629,0.98431,0.98205,0.99045,0.97197,0.98005,0.97784,0.98558,0.91697,0.24517,0.47681,0.08611,0.19156,0.65522,0.000677797,0.000225932,0.000677797,0.000225932,0.000677797,0.000225932,0.000677797,0.000225932
109,5277.5,0.38254,0.58686,0.11793,0.36172,0.98888,0.97043,0.98898,0.98939,0.9683,0.96639,0.98478,0.98432,0.91289,0.25302,0.46681,0.08926,0.19749,0.65935,0.00066257,0.000220857,0.00066257,0.000220857,0.00066257,0.000220857,0.00066257,0.000220857
110,5320.58,0.38963,0.6072,0.11809,0.37431,0.99743,0.98064,0.9828,0.98911,0.9683,0.97892,0.97675,0.98351,0.91237,0.24932,0.46962,0.08635,0.19278,0.65741,0.000647344,0.000215781,0.000647344,0.000215781,0.000647344,0.000215781,0.000647344,0.000215781
111,5364.34,0.37713,0.61552,0.11682,0.36276,0.99643,0.98236,0.98056,0.98995,0.96922,0.97879,0.97705,0.98485,0.91617,0.25335,0.46659,0.08598,0.18813,0.65688,0.000632118,0.000210706,0.000632118,0.000210706,0.000632118,0.000210706,0.000632118,0.000210706
112,5408.03,0.37846,0.63949,0.11755,0.35513,0.98968,0.97874,0.97882,0.98986,0.96816,0.97461,0.97465,0.98486,0.91481,0.2544,0.46816,0.08579,0.19135,0.65953,0.000616892,0.000205631,0.000616892,0.000205631,0.000616892,0.000205631,0.000616892,0.000205631
113,5451.78,0.37201,0.58453,0.1173,0.35188,0.9858,0.97938,0.98408,0.98979,0.96797,0.97521,0.97988,0.98446,0.91513,0.25194,0.46568,0.08468,0.1947,0.66374,0.000601666,0.000200555,0.000601666,0.000200555,0.000601666,0.000200555,0.000601666,0.000200555
114,5494.37,0.37327,0.58626,0.11559,0.35303,0.98494,0.97904,0.983,0.98998,0.97085,0.97583,0.97897,0.9853,0.91887,0.24402,0.46219,0.08438,0.18778,0.6579,0.000586439,0.00019548,0.000586439,0.00019548,0.000586439,0.00019548,0.000586439,0.00019548
115,5537.77,0.38268,0.59672,0.11822,0.37237,0.99289,0.97339,0.98324,0.98927,0.97128,0.97346,0.9767,0.98457,0.91737,0.23866,0.46825,0.08508,0.18811,0.65264,0.000571213,0.000190404,0.000571213,0.000190404,0.000571213,0.000190404,0.000571213,0.000190404
116,5581.47,0.36894,0.57264,0.11486,0.34713,0.98371,0.97332,0.98545,0.98974,0.9731,0.97014,0.98094,0.98505,0.91658,0.23653,0.46384,0.08479,0.18581,0.65133,0.000555987,0.000185329,0.000555987,0.000185329,0.000555987,0.000185329,0.000555987,0.000185329
117,5625.19,0.37618,0.61239,0.11681,0.36205,0.9908,0.97395,0.98459,0.98986,0.96988,0.97048,0.98055,0.98501,0.91835,0.24233,0.46225,0.08444,0.18906,0.65928,0.000540761,0.000180254,0.000540761,0.000180254,0.000540761,0.000180254,0.000540761,0.000180254
118,5669.08,0.37092,0.6056,0.11783,0.34727,0.98516,0.97251,0.98754,0.98885,0.96985,0.96885,0.9835,0.98358,0.9168,0.24501,0.46915,0.0852,0.19743,0.66143,0.000525535,0.000175178,0.000525535,0.000175178,0.000525535,0.000175178,0.000525535,0.000175178
119,5713.06,0.37473,0.57975,0.11495,0.35629,0.98858,0.97255,0.98391,0.9884,0.96831,0.9698,0.97963,0.98303,0.91712,0.23848,0.47148,0.08364,0.1959,0.65434,0.000510308,0.000170103,0.000510308,0.000170103,0.000510308,0.000170103,0.000510308,0.000170103
120,5757.11,0.37026,0.57066,0.11381,0.34539,0.98499,0.98307,0.96362,0.98854,0.96741,0.97947,0.96013,0.98415,0.91819,0.24116,0.46163,0.08402,0.19917,0.65921,0.000495082,0.000165027,0.000495082,0.000165027,0.000495082,0.000165027,0.000495082,0.000165027
121,5801.37,0.37499,0.59115,0.11414,0.35569,0.98806,0.96901,0.98241,0.9894,0.96898,0.96499,0.97821,0.98511,0.91741,0.2338,0.4631,0.08426,0.19446,0.6568,0.000479856,0.000159952,0.000479856,0.000159952,0.000479856,0.000159952,0.000479856,0.000159952
122,5845.62,0.37065,0.58707,0.11567,0.34728,0.98853,0.97469,0.9877,0.98905,0.96978,0.97062,0.9835,0.98423,0.91775,0.23213,0.46496,0.08394,0.18805,0.65831,0.00046463,0.000154877,0.00046463,0.000154877,0.00046463,0.000154877,0.00046463,0.000154877
123,5889.68,0.37193,0.60069,0.1169,0.34109,0.98554,0.9771,0.97652,0.9889,0.97077,0.97378,0.97251,0.98361,0.91695,0.23892,0.4673,0.0842,0.19088,0.65411,0.000449404,0.000149801,0.000449404,0.000149801,0.000449404,0.000149801,0.000449404,0.000149801
124,5932.77,0.37131,0.59541,0.11506,0.35424,0.9892,0.98225,0.96739,0.98908,0.9702,0.97867,0.9639,0.98375,0.91801,0.23235,0.46329,0.08502,0.19515,0.65004,0.000434177,0.000144726,0.000434177,0.000144726,0.000434177,0.000144726,0.000434177,0.000144726
125,5975.75,0.37542,0.56964,0.11457,0.3484,0.99147,0.9837,0.96718,0.9882,0.97038,0.98015,0.96367,0.98254,0.91707,0.23273,0.45847,0.0836,0.19624,0.6517,0.000418951,0.00013965,0.000418951,0.00013965,0.000418951,0.00013965,0.000418951,0.00013965
126,6018.88,0.37286,0.58051,0.11522,0.35326,0.98691,0.97415,0.97868,0.98843,0.97068,0.97007,0.97447,0.98293,0.91782,0.23183,0.45753,0.08465,0.19653,0.65338,0.000403725,0.000134575,0.000403725,0.000134575,0.000403725,0.000134575,0.000403725,0.000134575
127,6061.64,0.37843,0.57904,0.11461,0.35257,0.99153,0.97242,0.97891,0.98858,0.9704,0.9755,0.96848,0.98322,0.9163,0.2359,0.45913,0.08427,0.19504,0.65458,0.000388499,0.0001295,0.000388499,0.0001295,0.000388499,0.0001295,0.000388499,0.0001295
128,6104.16,0.36254,0.54615,0.1138,0.34346,0.9851,0.97165,0.98733,0.98898,0.96939,0.96688,0.98244,0.98285,0.91696,0.23212,0.45761,0.08428,0.18786,0.65397,0.000373273,0.000124424,0.000373273,0.000124424,0.000373273,0.000124424,0.000373273,0.000124424
129,6146.62,0.36054,0.53839,0.11312,0.33738,0.97964,0.9711,0.98509,0.98922,0.96989,0.96697,0.98091,0.9837,0.91954,0.23447,0.4589,0.0835,0.19273,0.65147,0.000358046,0.000119349,0.000358046,0.000119349,0.000358046,0.000119349,0.000358046,0.000119349
130,6189.18,0.36498,0.56379,0.11434,0.34153,0.98145,0.9665,0.98778,0.98913,0.96994,0.9618,0.98294,0.98357,0.91768,0.23565,0.45852,0.08356,0.19399,0.65284,0.00034282,0.000114273,0.00034282,0.000114273,0.00034282,0.000114273,0.00034282,0.000114273
131,6244.13,0.35592,0.57034,0.11356,0.32934,0.97972,0.96651,0.98718,0.98958,0.97045,0.96183,0.98228,0.98441,0.91918,0.23581,0.46015,0.08396,0.19334,0.65428,0.000327594,0.000109198,0.000327594,0.000109198,0.000327594,0.000109198,0.000327594,0.000109198
132,8192.66,0.36387,0.55907,0.11308,0.3378,0.97985,0.96733,0.98661,0.98989,0.97055,0.96192,0.98111,0.98414,0.92126,0.23172,0.45919,0.08337,0.18849,0.65197,0.000312368,0.000104123,0.000312368,0.000104123,0.000312368,0.000104123,0.000312368,0.000104123
133,8247.52,0.36036,0.54444,0.11322,0.33247,0.98185,0.97002,0.98709,0.9894,0.97259,0.96599,0.98289,0.98497,0.91998,0.23149,0.45564,0.08346,0.18727,0.65554,0.000297142,9.90472e-05,0.000297142,9.90472e-05,0.000297142,9.90472e-05,0.000297142,9.90472e-05
134,8303.71,0.36199,0.55611,0.11314,0.33773,0.98282,0.97305,0.9864,0.98955,0.97258,0.96898,0.9822,0.98533,0.92075,0.22722,0.45789,0.08281,0.18849,0.6539,0.000281915,9.39718e-05,0.000281915,9.39718e-05,0.000281915,9.39718e-05,0.000281915,9.39718e-05
135,8360.32,0.36273,0.54634,0.11076,0.34084,0.98699,0.96888,0.98541,0.98882,0.97238,0.96485,0.98121,0.98411,0.91859,0.22845,0.45641,0.0831,0.19309,0.65466,0.000266689,8.88964e-05,0.000266689,8.88964e-05,0.000266689,8.88964e-05,0.000266689,8.88964e-05
136,8416.73,0.36079,0.57267,0.11117,0.34478,0.98089,0.97003,0.97877,0.98838,0.97282,0.966,0.97464,0.98354,0.91986,0.22308,0.45657,0.08378,0.19321,0.65015,0.000251463,8.3821e-05,0.000251463,8.3821e-05,0.000251463,8.3821e-05,0.000251463,8.3821e-05
137,8473.37,0.35467,0.50775,0.11231,0.33607,0.97865,0.96616,0.98561,0.98857,0.97217,0.96117,0.98086,0.98319,0.91925,0.22492,0.45331,0.08331,0.18939,0.65084,0.000236237,7.87456e-05,0.000236237,7.87456e-05,0.000236237,7.87456e-05,0.000236237,7.87456e-05
138,8529.99,0.35932,0.53699,0.11322,0.32834,0.98153,0.96841,0.9845,0.98863,0.97292,0.96439,0.98029,0.98362,0.91964,0.22289,0.45469,0.08339,0.19064,0.65025,0.000221011,7.36702e-05,0.000221011,7.36702e-05,0.000221011,7.36702e-05,0.000221011,7.36702e-05
139,8586.44,0.35508,0.4976,0.11152,0.32987,0.97551,0.96663,0.98672,0.98842,0.97065,0.96265,0.98251,0.9832,0.91966,0.22856,0.45003,0.08444,0.19483,0.65434,0.000205784,6.85948e-05,0.000205784,6.85948e-05,0.000205784,6.85948e-05,0.000205784,6.85948e-05
140,8642.75,0.35423,0.54554,0.11272,0.32719,0.97487,0.975,0.98476,0.98945,0.9725,0.97108,0.98038,0.98476,0.92135,0.22574,0.45011,0.08463,0.1887,0.65446,0.000190558,6.35194e-05,0.000190558,6.35194e-05,0.000190558,6.35194e-05,0.000190558,6.35194e-05
141,8699.58,0.22407,0.23264,0.08415,0.16147,0.87853,0.95935,0.98778,0.98866,0.97144,0.9554,0.98358,0.98335,0.915,0.23131,0.46211,0.08013,0.19337,0.65843,0.000175332,5.8444e-05,0.000175332,5.8444e-05,0.000175332,5.8444e-05,0.000175332,5.8444e-05
142,8755.63,0.2127,0.22795,0.08373,0.1491,0.87093,0.96181,0.98867,0.98855,0.97128,0.95785,0.98446,0.98359,0.91599,0.22769,0.46292,0.07917,0.18706,0.65498,0.000160106,5.33686e-05,0.000160106,5.33686e-05,0.000160106,5.33686e-05,0.000160106,5.33686e-05
143,8811.89,0.21102,0.22729,0.08178,0.14828,0.87037,0.9642,0.98686,0.98892,0.97227,0.96022,0.98266,0.9843,0.91539,0.22707,0.46207,0.07852,0.18593,0.65255,0.00014488,4.82932e-05,0.00014488,4.82932e-05,0.00014488,4.82932e-05,0.00014488,4.82932e-05
144,8868.17,0.20715,0.22095,0.08135,0.14537,0.86724,0.96451,0.98694,0.98937,0.97196,0.96048,0.98274,0.98483,0.91786,0.22873,0.45982,0.07776,0.18321,0.65181,0.000129653,4.32178e-05,0.000129653,4.32178e-05,0.000129653,4.32178e-05,0.000129653,4.32178e-05
145,8924.47,0.20722,0.21629,0.08057,0.1442,0.87103,0.96389,0.98686,0.98972,0.97309,0.95986,0.98266,0.98494,0.91726,0.22675,0.46164,0.07817,0.18144,0.65111,0.000114427,3.81424e-05,0.000114427,3.81424e-05,0.000114427,3.81424e-05,0.000114427,3.81424e-05
146,8980.23,0.20388,0.21344,0.08241,0.14179,0.86666,0.96594,0.98537,0.98997,0.97298,0.96118,0.9805,0.98478,0.92079,0.22409,0.45753,0.0771,0.18213,0.64925,9.9201e-05,3.3067e-05,9.9201e-05,3.3067e-05,9.9201e-05,3.3067e-05,9.9201e-05,3.3067e-05
147,9035.88,0.20496,0.2107,0.08027,0.14037,0.86415,0.96624,0.98557,0.98974,0.97322,0.95954,0.98267,0.98458,0.92132,0.22817,0.45689,0.07712,0.18364,0.6498,8.39748e-05,2.79916e-05,8.39748e-05,2.79916e-05,8.39748e-05,2.79916e-05,8.39748e-05,2.79916e-05
148,10090.2,0.20285,0.21494,0.08106,0.14059,0.86771,0.9644,0.98744,0.98981,0.97356,0.9597,0.98258,0.9846,0.92106,0.22674,0.45573,0.07713,0.18255,0.65095,6.87486e-05,2.29162e-05,6.87486e-05,2.29162e-05,6.87486e-05,2.29162e-05,6.87486e-05,2.29162e-05
149,10132.3,0.20262,0.20794,0.08048,0.13976,0.86758,0.96347,0.9892,0.9898,0.97406,0.95879,0.98439,0.9846,0.92319,0.22448,0.45445,0.07674,0.1812,0.6493,5.35224e-05,1.78408e-05,5.35224e-05,1.78408e-05,5.35224e-05,1.78408e-05,5.35224e-05,1.78408e-05
150,10175.2,0.19838,0.216,0.08066,0.14104,0.85927,0.96338,0.98831,0.98974,0.97387,0.95932,0.98413,0.98533,0.92423,0.22165,0.45087,0.07639,0.17982,0.64671,3.82962e-05,1.27654e-05,3.82962e-05,1.27654e-05,3.82962e-05,1.27654e-05,3.82962e-05,1.27654e-05
